rank,dimensions,elements,threads,repetition,seconds,logical_bytes,write_allocate_ideal_bytes,bandwidth_GB_s,speedup,serial_mean_s,copy_mean_s,copy_bandwidth_GB_s,destination_inner_stride_bytes
1,4294967296,4294967296,1,1,13.50352873,8589934592,1.288490189e+10,0.636125176,1,13.50352873,1.030444801,8.336142397,1
1,4294967296,4294967296,2,1,18.03284244,8589934592,1.288490189e+10,0.4763494507,0.7488297408,13.50352873,0.9258833351,9.27755611,1
1,4294967296,4294967296,3,1,4.395772352,8589934592,1.288490189e+10,1.954135452,3.071935408,13.50352873,0.4180618767,20.54704117,1
1,4294967296,4294967296,4,1,10.46750938,8589934592,1.288490189e+10,0.8206283157,1.290042191,13.50352873,0.3530378109,24.33148611,1
1,4294967296,4294967296,5,1,2.561924581,8589934592,1.288490189e+10,3.352922508,5.270853338,13.50352873,0.4118707897,20.85589657,1
1,4294967296,4294967296,6,1,8.12418855,8589934592,1.288490189e+10,1.057328315,1.662138766,13.50352873,0.2644940848,32.47684953,1
1,4294967296,4294967296,7,1,1.806403055,8589934592,1.288490189e+10,4.755270187,7.475368632,13.50352873,0.2495348351,34.42378932,1
1,4294967296,4294967296,8,1,1.66588299,8589934592,1.288490189e+10,5.156385319,8.105928697,13.50352873,0.2586828768,33.20642904,1
1,4294967296,4294967296,9,1,1.746871906,8589934592,1.288490189e+10,4.917323681,7.730119583,13.50352873,0.2361619594,36.37306624,1
1,4294967296,4294967296,10,1,1.741573469,8589934592,1.288490189e+10,4.932283792,7.753637142,13.50352873,0.2680711756,32.04348462,1
1,4294967296,4294967296,11,1,1.629602639,8589934592,1.288490189e+10,5.271183531,8.286393511,13.50352873,0.2599075735,33.04995879,1
1,4294967296,4294967296,12,1,1.501974983,8589934592,1.288490189e+10,5.719092987,8.990515078,13.50352873,0.261979538,32.78857065,1
1,4294967296,4294967296,13,1,1.388172305,8589934592,1.288490189e+10,6.187945516,9.727559527,13.50352873,0.2285983376,37.57654006,1
1,4294967296,4294967296,14,1,1.400796578,8589934592,1.288490189e+10,6.132178451,9.639892717,13.50352873,0.2295712186,37.41729754,1
1,4294967296,4294967296,15,1,1.353277287,8589934592,1.288490189e+10,6.347505184,9.97839014,13.50352873,0.1827397607,47.00637977,1
1,4294967296,4294967296,16,1,1.220462408,8589934592,1.288490189e+10,7.038262331,11.06427256,13.50352873,0.1974213291,43.51067147,1
1,4294967296,4294967296,17,1,1.148767854,8589934592,1.288490189e+10,7.477519989,11.75479335,13.50352873,0.2392424876,35.90472026,1
1,4294967296,4294967296,18,1,1.168260076,8589934592,1.288490189e+10,7.352758832,11.55866661,13.50352873,0.2631711066,32.64011275,1
1,4294967296,4294967296,19,1,1.027931439,8589934592,1.288490189e+10,8.35652483,13.13660447,13.50352873,0.1885487745,45.55815659,1
1,4294967296,4294967296,20,1,1.044987286,8589934592,1.288490189e+10,8.220133117,12.92219429,13.50352873,0.1799726719,47.72910521,1
2,65536x65536,4294967296,1,1,521.1244257,8589934592,1.288490189e+10,0.01648346185,1,521.1244257,1.030444801,8.336142397,65536
2,65536x65536,4294967296,2,1,255.7129911,8589934592,1.288490189e+10,0.03359209305,2.037927066,521.1244257,0.9258833351,9.27755611,65536
2,65536x65536,4294967296,3,1,168.4065332,8589934592,1.288490189e+10,0.05100713393,3.094443048,521.1244257,0.4180618767,20.54704117,65536
2,65536x65536,4294967296,4,1,124.6367077,8589934592,1.288490189e+10,0.06891978093,4.181147234,521.1244257,0.3530378109,24.33148611,65536
2,65536x65536,4294967296,5,1,96.35732004,8589934592,1.288490189e+10,0.08914667394,5.408249477,521.1244257,0.4118707897,20.85589657,65536
2,65536x65536,4294967296,6,1,78.46666229,8589934592,1.288490189e+10,0.1094724096,6.641348192,521.1244257,0.2644940848,32.47684953,65536
2,65536x65536,4294967296,7,1,64.08268139,8589934592,1.288490189e+10,0.1340445563,8.132063365,521.1244257,0.2495348351,34.42378932,65536
2,65536x65536,4294967296,8,1,56.85170113,8589934592,1.288490189e+10,0.1510937126,9.166382278,521.1244257,0.2586828768,33.20642904,65536
2,65536x65536,4294967296,9,1,53.23810139,8589934592,1.288490189e+10,0.1613493789,9.788561426,521.1244257,0.2361619594,36.37306624,65536
2,65536x65536,4294967296,10,1,48.91437377,8589934592,1.288490189e+10,0.1756116644,10.65380962,521.1244257,0.2680711756,32.04348462,65536
2,65536x65536,4294967296,11,1,44.35821735,8589934592,1.288490189e+10,0.193649229,11.74809216,521.1244257,0.2599075735,33.04995879,65536
2,65536x65536,4294967296,12,1,38.77025931,8589934592,1.288490189e+10,0.2215598953,13.44134486,521.1244257,0.261979538,32.78857065,65536
2,65536x65536,4294967296,13,1,38.01008704,8589934592,1.288490189e+10,0.2259909214,13.71016134,521.1244257,0.2285983376,37.57654006,65536
2,65536x65536,4294967296,14,1,35.62325337,8589934592,1.288490189e+10,0.2411327933,14.62877128,521.1244257,0.2295712186,37.41729754,65536
2,65536x65536,4294967296,15,1,39.14322073,8589934592,1.288490189e+10,0.2194488453,13.31327407,521.1244257,0.1827397607,47.00637977,65536
2,65536x65536,4294967296,16,1,36.59247033,8589934592,1.288490189e+10,0.2347459605,14.24130213,521.1244257,0.1974213291,43.51067147,65536
2,65536x65536,4294967296,17,1,34.72440406,8589934592,1.288490189e+10,0.247374572,15.00744044,521.1244257,0.2392424876,35.90472026,65536
2,65536x65536,4294967296,18,1,33.31302376,8589934592,1.288490189e+10,0.2578551456,15.64326401,521.1244257,0.2631711066,32.64011275,65536
2,65536x65536,4294967296,19,1,32.24326549,8589934592,1.288490189e+10,0.2664101933,16.16227196,521.1244257,0.1885487745,45.55815659,65536
2,65536x65536,4294967296,20,1,31.68432788,8589934592,1.288490189e+10,0.2711098883,16.44738773,521.1244257,0.1799726719,47.72910521,65536
4,256x256x256x256,4294967296,1,1,522.7714618,8589934592,1.288490189e+10,0.0164315293,1,522.7714618,1.030444801,8.336142397,16777216
4,256x256x256x256,4294967296,2,1,258.0322777,8589934592,1.288490189e+10,0.03329015528,2.025992509,522.7714618,0.9258833351,9.27755611,16777216
4,256x256x256x256,4294967296,3,1,168.9473274,8589934592,1.288490189e+10,0.05084386195,3.094286662,522.7714618,0.4180618767,20.54704117,16777216
4,256x256x256x256,4294967296,4,1,125.9608418,8589934592,1.288490189e+10,0.06819527773,4.150269672,522.7714618,0.3530378109,24.33148611,16777216
4,256x256x256x256,4294967296,5,1,99.69255298,8589934592,1.288490189e+10,0.08616425535,5.243836637,522.7714618,0.4118707897,20.85589657,16777216
4,256x256x256x256,4294967296,6,1,81.58568503,8589934592,1.288490189e+10,0.1052872767,6.407637095,522.7714618,0.2644940848,32.47684953,16777216
4,256x256x256x256,4294967296,7,1,69.10598503,8589934592,1.288490189e+10,0.1243008777,7.564778385,522.7714618,0.2495348351,34.42378932,16777216
4,256x256x256x256,4294967296,8,1,60.25053224,8589934592,1.288490189e+10,0.142570269,8.676628112,522.7714618,0.2586828768,33.20642904,16777216
4,256x256x256x256,4294967296,9,1,49.12397121,8589934592,1.288490189e+10,0.1748623814,10.64188112,522.7714618,0.2361619594,36.37306624,16777216
4,256x256x256x256,4294967296,10,1,44.51511209,8589934592,1.288490189e+10,0.192966707,11.74368517,522.7714618,0.2680711756,32.04348462,16777216
4,256x256x256x256,4294967296,11,1,40.68476951,8589934592,1.288490189e+10,0.2111339132,12.84931605,522.7714618,0.2599075735,33.04995879,16777216
4,256x256x256x256,4294967296,12,1,37.77505147,8589934592,1.288490189e+10,0.2273970321,13.83906683,522.7714618,0.261979538,32.78857065,16777216
4,256x256x256x256,4294967296,13,1,34.98730107,8589934592,1.288490189e+10,0.2455157823,14.94174874,522.7714618,0.2285983376,37.57654006,16777216
4,256x256x256x256,4294967296,14,1,32.96771101,8589934592,1.288490189e+10,0.2605559904,15.85707487,522.7714618,0.2295712186,37.41729754,16777216
4,256x256x256x256,4294967296,15,1,38.41136271,8589934592,1.288490189e+10,0.2236300404,13.60981296,522.7714618,0.1827397607,47.00637977,16777216
4,256x256x256x256,4294967296,16,1,29.2568838,8589934592,1.288490189e+10,0.2936038797,17.86832341,522.7714618,0.1974213291,43.51067147,16777216
4,256x256x256x256,4294967296,17,1,30.12055433,8589934592,1.288490189e+10,0.285185143,17.35597081,522.7714618,0.2392424876,35.90472026,16777216
4,256x256x256x256,4294967296,18,1,32.54137263,8589934592,1.288490189e+10,0.2639696454,16.06482516,522.7714618,0.2631711066,32.64011275,16777216
4,256x256x256x256,4294967296,19,1,35.68750625,8589934592,1.288490189e+10,0.2406986504,14.64858481,522.7714618,0.1885487745,45.55815659,16777216
4,256x256x256x256,4294967296,20,1,29.7390991,8589934592,1.288490189e+10,0.2888431342,17.57859107,522.7714618,0.1799726719,47.72910521,16777216
8,16x16x16x16x16x16x16x16,4294967296,1,1,528.6794312,8589934592,1.288490189e+10,0.01624790768,1,528.6794312,1.030444801,8.336142397,268435456
8,16x16x16x16x16x16x16x16,4294967296,2,1,258.1929252,8589934592,1.288490189e+10,0.03326944216,2.047613933,528.6794312,0.9258833351,9.27755611,268435456
8,16x16x16x16x16x16x16x16,4294967296,3,1,170.0358412,8589934592,1.288490189e+10,0.05051837618,3.109223487,528.6794312,0.4180618767,20.54704117,268435456
8,16x16x16x16x16x16x16x16,4294967296,4,1,124.3388974,8589934592,1.288490189e+10,0.06908485412,4.251923107,528.6794312,0.3530378109,24.33148611,268435456
8,16x16x16x16x16x16x16x16,4294967296,5,1,98.87049627,8589934592,1.288490189e+10,0.08688066629,5.347191034,528.6794312,0.4118707897,20.85589657,268435456
8,16x16x16x16x16x16x16x16,4294967296,6,1,81.59989097,8589934592,1.288490189e+10,0.1052689469,6.478923255,528.6794312,0.2644940848,32.47684953,268435456
8,16x16x16x16x16x16x16x16,4294967296,7,1,68.59384136,8589934592,1.288490189e+10,0.125228948,7.707389186,528.6794312,0.2495348351,34.42378932,268435456
8,16x16x16x16x16x16x16x16,4294967296,8,1,57.74513387,8589934592,1.288490189e+10,0.1487559906,9.155393636,528.6794312,0.2586828768,33.20642904,268435456
8,16x16x16x16x16x16x16x16,4294967296,9,1,49.37599418,8589934592,1.288490189e+10,0.1739698559,10.70721592,528.6794312,0.2361619594,36.37306624,268435456
8,16x16x16x16x16x16x16x16,4294967296,10,1,44.63284848,8589934592,1.288490189e+10,0.1924576827,11.84507485,528.6794312,0.2680711756,32.04348462,268435456
8,16x16x16x16x16x16x16x16,4294967296,11,1,44.5434543,8589934592,1.288490189e+10,0.1928439257,11.86884671,528.6794312,0.2599075735,33.04995879,268435456
8,16x16x16x16x16x16x16x16,4294967296,12,1,40.89523499,8589934592,1.288490189e+10,0.210047322,12.92765358,528.6794312,0.261979538,32.78857065,268435456
8,16x16x16x16x16x16x16x16,4294967296,13,1,40.02654278,8589934592,1.288490189e+10,0.2146059588,13.20822121,528.6794312,0.2285983376,37.57654006,268435456
8,16x16x16x16x16x16x16x16,4294967296,14,1,34.17870024,8589934592,1.288490189e+10,0.2513242029,15.46809643,528.6794312,0.2295712186,37.41729754,268435456
8,16x16x16x16x16x16x16x16,4294967296,15,1,30.87829311,8589934592,1.288490189e+10,0.2781868337,17.12139428,528.6794312,0.1827397607,47.00637977,268435456
8,16x16x16x16x16x16x16x16,4294967296,16,1,29.85574703,8589934592,1.288490189e+10,0.2877146093,17.70779444,528.6794312,0.1974213291,43.51067147,268435456
8,16x16x16x16x16x16x16x16,4294967296,17,1,33.40407052,8589934592,1.288490189e+10,0.2571523308,15.82679664,528.6794312,0.2392424876,35.90472026,268435456
8,16x16x16x16x16x16x16x16,4294967296,18,1,36.37438824,8589934592,1.288490189e+10,0.2361533762,14.53438688,528.6794312,0.2631711066,32.64011275,268435456
8,16x16x16x16x16x16x16x16,4294967296,19,1,33.68056858,8589934592,1.288490189e+10,0.2550412583,15.69686776,528.6794312,0.1885487745,45.55815659,268435456
8,16x16x16x16x16x16x16x16,4294967296,20,1,31.57182118,8589934592,1.288490189e+10,0.2720759928,16.74529411,528.6794312,0.1799726719,47.72910521,268435456
16,4x4x4x4x4x4x4x4x4x4x4x4x4x4x4x4,4294967296,1,1,527.5886929,8589934592,1.288490189e+10,0.01628149865,1,527.5886929,1.030444801,8.336142397,1073741824
16,4x4x4x4x4x4x4x4x4x4x4x4x4x4x4x4,4294967296,2,1,256.1149776,8589934592,1.288490189e+10,0.03353936842,2.059968135,527.5886929,0.9258833351,9.27755611,1073741824
16,4x4x4x4x4x4x4x4x4x4x4x4x4x4x4x4,4294967296,3,1,170.8936557,8589934592,1.288490189e+10,0.05026479513,3.087233934,527.5886929,0.4180618767,20.54704117,1073741824
16,4x4x4x4x4x4x4x4x4x4x4x4x4x4x4x4,4294967296,4,1,125.9158894,8589934592,1.288490189e+10,0.06821962368,4.190008865,527.5886929,0.3530378109,24.33148611,1073741824
16,4x4x4x4x4x4x4x4x4x4x4x4x4x4x4x4,4294967296,5,1,100.4200431,8589934592,1.288490189e+10,0.08554004088,5.253818626,527.5886929,0.4118707897,20.85589657,1073741824
16,4x4x4x4x4x4x4x4x4x4x4x4x4x4x4x4,4294967296,6,1,82.14168681,8589934592,1.288490189e+10,0.1045746067,6.42291038,527.5886929,0.2644940848,32.47684953,1073741824
16,4x4x4x4x4x4x4x4x4x4x4x4x4x4x4x4,4294967296,7,1,70.15058918,8589934592,1.288490189e+10,0.122449928,7.520802021,527.5886929,0.2495348351,34.42378932,1073741824
16,4x4x4x4x4x4x4x4x4x4x4x4x4x4x4x4,4294967296,8,1,58.74235932,8589934592,1.288490189e+10,0.1462306705,8.981401139,527.5886929,0.2586828768,33.20642904,1073741824
16,4x4x4x4x4x4x4x4x4x4x4x4x4x4x4x4,4294967296,9,1,49.79269467,8589934592,1.288490189e+10,0.1725139531,10.59570478,527.5886929,0.2361619594,36.37306624,1073741824
16,4x4x4x4x4x4x4x4x4x4x4x4x4x4x4x4,4294967296,10,1,44.20655586,8589934592,1.288490189e+10,0.1943135905,11.93462559,527.5886929,0.2680711756,32.04348462,1073741824
16,4x4x4x4x4x4x4x4x4x4x4x4x4x4x4x4,4294967296,11,1,40.87027598,8589934592,1.288490189e+10,0.2101755955,12.90886054,527.5886929,0.2599075735,33.04995879,1073741824
16,4x4x4x4x4x4x4x4x4x4x4x4x4x4x4x4,4294967296,12,1,37.19402146,8589934592,1.288490189e+10,0.2309493369,14.18477143,527.5886929,0.261979538,32.78857065,1073741824
16,4x4x4x4x4x4x4x4x4x4x4x4x4x4x4x4,4294967296,13,1,35.09779196,8589934592,1.288490189e+10,0.2447428773,15.03196251,527.5886929,0.2285983376,37.57654006,1073741824
16,4x4x4x4x4x4x4x4x4x4x4x4x4x4x4x4,4294967296,14,1,34.27720135,8589934592,1.288490189e+10,0.2506019819,15.39182524,527.5886929,0.2295712186,37.41729754,1073741824
16,4x4x4x4x4x4x4x4x4x4x4x4x4x4x4x4,4294967296,15,1,38.39978616,8589934592,1.288490189e+10,0.223697459,13.73936539,527.5886929,0.1827397607,47.00637977,1073741824
16,4x4x4x4x4x4x4x4x4x4x4x4x4x4x4x4,4294967296,16,1,32.86199079,8589934592,1.288490189e+10,0.2613942243,16.05467837,527.5886929,0.1974213291,43.51067147,1073741824
16,4x4x4x4x4x4x4x4x4x4x4x4x4x4x4x4,4294967296,17,1,31.26208596,8589934592,1.288490189e+10,0.2747716388,16.87631124,527.5886929,0.2392424876,35.90472026,1073741824
16,4x4x4x4x4x4x4x4x4x4x4x4x4x4x4x4,4294967296,18,1,29.57136281,8589934592,1.288490189e+10,0.2904815259,17.84120321,527.5886929,0.2631711066,32.64011275,1073741824
16,4x4x4x4x4x4x4x4x4x4x4x4x4x4x4x4,4294967296,19,1,35.50817881,8589934592,1.288490189e+10,0.2419142541,14.85823015,527.5886929,0.1885487745,45.55815659,1073741824
16,4x4x4x4x4x4x4x4x4x4x4x4x4x4x4x4,4294967296,20,1,28.83908855,8589934592,1.288490189e+10,0.2978573535,18.29422216,527.5886929,0.1799726719,47.72910521,1073741824
32,2x2x2x2x2x2x2x2x2x2x2x2x2x2x2x2x2x2x2x2x2x2x2x2x2x2x2x2x2x2x2x2,4294967296,1,1,557.9607155,8589934592,1.288490189e+10,0.01539523187,1,557.9607155,1.030444801,8.336142397,2147483648
32,2x2x2x2x2x2x2x2x2x2x2x2x2x2x2x2x2x2x2x2x2x2x2x2x2x2x2x2x2x2x2x2,4294967296,2,1,258.4699216,8589934592,1.288490189e+10,0.03323378805,2.158706561,557.9607155,0.9258833351,9.27755611,2147483648
32,2x2x2x2x2x2x2x2x2x2x2x2x2x2x2x2x2x2x2x2x2x2x2x2x2x2x2x2x2x2x2x2,4294967296,3,1,167.3504806,8589934592,1.288490189e+10,0.05132901061,3.334084932,557.9607155,0.4180618767,20.54704117,2147483648
32,2x2x2x2x2x2x2x2x2x2x2x2x2x2x2x2x2x2x2x2x2x2x2x2x2x2x2x2x2x2x2x2,4294967296,4,1,124.8767824,8589934592,1.288490189e+10,0.06878728317,4.468090103,557.9607155,0.3530378109,24.33148611,2147483648
32,2x2x2x2x2x2x2x2x2x2x2x2x2x2x2x2x2x2x2x2x2x2x2x2x2x2x2x2x2x2x2x2,4294967296,5,1,99.08880784,8589934592,1.288490189e+10,0.08668925158,5.630915617,557.9607155,0.4118707897,20.85589657,2147483648
32,2x2x2x2x2x2x2x2x2x2x2x2x2x2x2x2x2x2x2x2x2x2x2x2x2x2x2x2x2x2x2x2,4294967296,6,1,81.93276738,8589934592,1.288490189e+10,0.1048412603,6.809982543,557.9607155,0.2644940848,32.47684953,2147483648
32,2x2x2x2x2x2x2x2x2x2x2x2x2x2x2x2x2x2x2x2x2x2x2x2x2x2x2x2x2x2x2x2,4294967296,7,1,70.09846523,8589934592,1.288490189e+10,0.1225409795,7.959670924,557.9607155,0.2495348351,34.42378932,2147483648
32,2x2x2x2x2x2x2x2x2x2x2x2x2x2x2x2x2x2x2x2x2x2x2x2x2x2x2x2x2x2x2x2,4294967296,8,1,61.05297152,8589934592,1.288490189e+10,0.1406964211,9.138960834,557.9607155,0.2586828768,33.20642904,2147483648
32,2x2x2x2x2x2x2x2x2x2x2x2x2x2x2x2x2x2x2x2x2x2x2x2x2x2x2x2x2x2x2x2,4294967296,9,1,53.5391236,8589934592,1.288490189e+10,0.1604421966,10.42155116,557.9607155,0.2361619594,36.37306624,2147483648
32,2x2x2x2x2x2x2x2x2x2x2x2x2x2x2x2x2x2x2x2x2x2x2x2x2x2x2x2x2x2x2x2,4294967296,10,1,44.91957529,8589934592,1.288490189e+10,0.1912292032,12.4213266,557.9607155,0.2680711756,32.04348462,2147483648
32,2x2x2x2x2x2x2x2x2x2x2x2x2x2x2x2x2x2x2x2x2x2x2x2x2x2x2x2x2x2x2x2,4294967296,11,1,41.28396255,8589934592,1.288490189e+10,0.2080695278,13.51519285,557.9607155,0.2599075735,33.04995879,2147483648
32,2x2x2x2x2x2x2x2x2x2x2x2x2x2x2x2x2x2x2x2x2x2x2x2x2x2x2x2x2x2x2x2,4294967296,12,1,37.58750198,8589934592,1.288490189e+10,0.2285316699,14.8443149,557.9607155,0.261979538,32.78857065,2147483648
32,2x2x2x2x2x2x2x2x2x2x2x2x2x2x2x2x2x2x2x2x2x2x2x2x2x2x2x2x2x2x2x2,4294967296,13,1,35.34116593,8589934592,1.288490189e+10,0.2430574761,15.7878412,557.9607155,0.2285983376,37.57654006,2147483648
32,2x2x2x2x2x2x2x2x2x2x2x2x2x2x2x2x2x2x2x2x2x2x2x2x2x2x2x2x2x2x2x2,4294967296,14,1,32.75421509,8589934592,1.288490189e+10,0.2622543257,17.03477595,557.9607155,0.2295712186,37.41729754,2147483648
32,2x2x2x2x2x2x2x2x2x2x2x2x2x2x2x2x2x2x2x2x2x2x2x2x2x2x2x2x2x2x2x2,4294967296,15,1,31.14202497,8589934592,1.288490189e+10,0.2758309583,17.91664852,557.9607155,0.1827397607,47.00637977,2147483648
32,2x2x2x2x2x2x2x2x2x2x2x2x2x2x2x2x2x2x2x2x2x2x2x2x2x2x2x2x2x2x2x2,4294967296,16,1,28.28851295,8589934592,1.288490189e+10,0.3036545119,19.72393235,557.9607155,0.1974213291,43.51067147,2147483648
32,2x2x2x2x2x2x2x2x2x2x2x2x2x2x2x2x2x2x2x2x2x2x2x2x2x2x2x2x2x2x2x2,4294967296,17,1,31.00372791,8589934592,1.288490189e+10,0.2770613462,17.99656858,557.9607155,0.2392424876,35.90472026,2147483648
32,2x2x2x2x2x2x2x2x2x2x2x2x2x2x2x2x2x2x2x2x2x2x2x2x2x2x2x2x2x2x2x2,4294967296,18,1,33.51911614,8589934592,1.288490189e+10,0.2562697225,16.646045,557.9607155,0.2631711066,32.64011275,2147483648
32,2x2x2x2x2x2x2x2x2x2x2x2x2x2x2x2x2x2x2x2x2x2x2x2x2x2x2x2x2x2x2x2,4294967296,19,1,33.51387952,8589934592,1.288490189e+10,0.2563097652,16.64864598,557.9607155,0.1885487745,45.55815659,2147483648
32,2x2x2x2x2x2x2x2x2x2x2x2x2x2x2x2x2x2x2x2x2x2x2x2x2x2x2x2x2x2x2x2,4294967296,20,1,31.56613297,8589934592,1.288490189e+10,0.2721250208,17.67592869,557.9607155,0.1799726719,47.72910521,2147483648
